Категория;URL категории;Подкатегория;URL подкатегории
"Управление производством";"https://www.cntiprogress.ru/seminarsforcolumn/default.aspx?action=1&column=170";"Руководителям производств";"https://www.cntiprogress.ru/seminarsforcolumn/default.aspx?column=69"
"Управление производством";"https://www.cntiprogress.ru/seminarsforcolumn/default.aspx?action=1&column=170";"Управление цехом";"https://www.cntiprogress.ru/seminarsforcolumn/default.aspx?column=163"
"Управление производством";"https://www.cntiprogress.ru/seminarsforcolumn/default.aspx?action=1&column=170";"Конструкторам";"https://www.cntiprogress.ru/seminarsforcolumn/default.aspx?column=164"
"Управление производством";"https://www.cntiprogress.ru/seminarsforcolumn/default.aspx?action=1&column=170";"Технологам";"https://www.cntiprogress.ru/seminarsforcolumn/default.aspx?column=165"
"Управление производством";"https://www.cntiprogress.ru/seminarsforcolumn/default.aspx?action=1&column=170";"Обслуживание оборудования";"https://www.cntiprogress.ru/seminarsforcolumn/default.aspx?column=166"
"Управление производством";"https://www.cntiprogress.ru/seminarsforcolumn/default.aspx?action=1&column=170";"Автоматизация";"https://www.cntiprogress.ru/seminarsforcolumn/default.aspx?column=167"
"Материалы, технологии, оборудование";"https://www.cntiprogress.ru/seminarsforcolumn/default.aspx?action=1&column=100";"";""
"Бережливое производство";"https://www.cntiprogress.ru/seminarsforcolumn/default.aspx?action=1&column=119";"";""
"Гособоронзаказ";"https://www.cntiprogress.ru/seminarsforcolumn/default.aspx?action=1&column=126";"";""
"Импортозамещение";"https://www.cntiprogress.ru/seminarsforcolumn/default.aspx?action=1&column=144";"";""
"Управление качеством";"https://www.cntiprogress.ru/seminarsforcolumn/default.aspx?action=1&column=52";"";""
"Стандартизация. Метрология";"https://www.cntiprogress.ru/seminarsforcolumn/default.aspx?action=1&column=36";"";""
"Закупки. Снабжение. Склад";"https://www.cntiprogress.ru/seminarsforcolumn/default.aspx?action=1&column=154";"Закупки и снабжение";"https://www.cntiprogress.ru/seminarsforcolumn/default.aspx?column=35"
"Закупки. Снабжение. Склад";"https://www.cntiprogress.ru/seminarsforcolumn/default.aspx?action=1&column=154";"Госзакупки";"https://www.cntiprogress.ru/seminarsforcolumn/default.aspx?column=152"
"Закупки. Снабжение. Склад";"https://www.cntiprogress.ru/seminarsforcolumn/default.aspx?action=1&column=154";"Склад";"https://www.cntiprogress.ru/seminarsforcolumn/default.aspx?column=153"
"Транспорт";"https://www.cntiprogress.ru/seminarsforcolumn/default.aspx?action=1&column=139";"ЖД перевозки";"https://www.cntiprogress.ru/seminarsforcolumn/default.aspx?column=84"
"Транспорт";"https://www.cntiprogress.ru/seminarsforcolumn/default.aspx?action=1&column=139";"Автотранспорт";"https://www.cntiprogress.ru/seminarsforcolumn/default.aspx?column=85"
"Транспорт";"https://www.cntiprogress.ru/seminarsforcolumn/default.aspx?action=1&column=139";"Транспортная логистика";"https://www.cntiprogress.ru/seminarsforcolumn/default.aspx?column=70"
"Интеллектуальная собственность";"https://www.cntiprogress.ru/seminarsforcolumn/default.aspx?action=1&column=31";"";""
"Управление инновациями";"https://www.cntiprogress.ru/seminarsforcolumn/default.aspx?action=1&column=128";"";""
"Легкая промышленность";"https://www.cntiprogress.ru/seminarsforcolumn/default.aspx?action=1&column=121";"";""
"Экономическая и юридическая";"https://www.cntiprogress.ru/seminarsforcolumn/default.aspx?action=1&column=145";"";""
"Кадровые риски";"https://www.cntiprogress.ru/seminarsforcolumn/default.aspx?action=1&column=146";"";""
"Пожарная безопасность";"https://www.cntiprogress.ru/seminarsforcolumn/default.aspx?action=1&column=147";"";""
"Безопасность систем управления";"https://www.cntiprogress.ru/seminarsforcolumn/default.aspx?action=1&column=148";"";""
"Промышленная безопасность";"https://www.cntiprogress.ru/seminarsforcolumn/default.aspx?action=1&column=149";"";""
"Экологическая безопасность";"https://www.cntiprogress.ru/seminarsforcolumn/default.aspx?action=1&column=150";"";""
"Информационная безопасность";"https://www.cntiprogress.ru/seminarsforcolumn/default.aspx?action=1&column=151";"";""
"Охрана труда";"https://www.cntiprogress.ru/seminarsforcolumn/default.aspx?action=1&column=37";"";""
"Комплексная безопасность";"https://www.cntiprogress.ru/seminarsforcolumn/default.aspx?action=1&column=50";"";""
"Энергосбережение";"https://www.cntiprogress.ru/seminarsforcolumn/default.aspx?action=1&column=118";"";""
"Экономика и инвестиции в энергетике";"https://www.cntiprogress.ru/seminarsforcolumn/default.aspx?action=1&column=116";"";""
"Правовое регулирование в энергетике";"https://www.cntiprogress.ru/seminarsforcolumn/default.aspx?action=1&column=115";"";""
"Эксплуатация объектов ТЭК";"https://www.cntiprogress.ru/seminarsforcolumn/default.aspx?action=1&column=117";"";""
"Проектирование. Изыскания";"https://www.cntiprogress.ru/seminarsforcolumn/default.aspx?action=1&column=20";"";""
"Строительство: организация и управление";"https://www.cntiprogress.ru/seminarsforcolumn/default.aspx?action=1&column=88";"";""
"Инженерные сети: проектирование и строительство";"https://www.cntiprogress.ru/seminarsforcolumn/default.aspx?action=1&column=140";"Слаботочные системы";"https://www.cntiprogress.ru/seminarsforcolumn/default.aspx?column=110"
"Инженерные сети: проектирование и строительство";"https://www.cntiprogress.ru/seminarsforcolumn/default.aspx?action=1&column=140";"Газоснабжение";"https://www.cntiprogress.ru/seminarsforcolumn/default.aspx?column=111"
"Инженерные сети: проектирование и строительство";"https://www.cntiprogress.ru/seminarsforcolumn/default.aspx?action=1&column=140";"Водоснабжение и водоотведение";"https://www.cntiprogress.ru/seminarsforcolumn/default.aspx?column=112"
"Инженерные сети: проектирование и строительство";"https://www.cntiprogress.ru/seminarsforcolumn/default.aspx?action=1&column=140";"Теплоснабжение и вентиляция";"https://www.cntiprogress.ru/seminarsforcolumn/default.aspx?column=113"
"Инженерные сети: проектирование и строительство";"https://www.cntiprogress.ru/seminarsforcolumn/default.aspx?action=1&column=140";"Электроснабжение";"https://www.cntiprogress.ru/seminarsforcolumn/default.aspx?column=114"
"Строительные материалы и технологии";"https://www.cntiprogress.ru/seminarsforcolumn/default.aspx?action=1&column=71";"";""
"Дорожное строительство";"https://www.cntiprogress.ru/seminarsforcolumn/default.aspx?action=1&column=72";"";""
"Экономика строительства";"https://www.cntiprogress.ru/seminarsforcolumn/default.aspx?action=1&column=91";"";""
"Сметное дело";"https://www.cntiprogress.ru/seminarsforcolumn/default.aspx?action=1&column=130";"";""
"Правовое регулирование строительной деятельности";"https://www.cntiprogress.ru/seminarsforcolumn/default.aspx?action=1&column=129";"";""
"ЖКХ. Городское хозяйство";"https://www.cntiprogress.ru/seminarsforcolumn/default.aspx?action=1&column=92";"";""
"Ремонт и эксплуатация зданий и сооружений";"https://www.cntiprogress.ru/seminarsforcolumn/default.aspx?action=1&column=93";"";""
"Управление и эксплуатация недвижимости";"https://www.cntiprogress.ru/seminarsforcolumn/default.aspx?action=1&column=23";"";""
"Экология";"https://www.cntiprogress.ru/seminarsforcolumn/default.aspx?action=1&column=38";"";""
"Недропользование";"https://www.cntiprogress.ru/seminarsforcolumn/default.aspx?action=1&column=155";"";""
"Землепользование";"https://www.cntiprogress.ru/seminarsforcolumn/default.aspx?action=1&column=54";"";""
"Трудовое право. Кадровое делопроизводство";"https://www.cntiprogress.ru/seminarsforcolumn/default.aspx?action=1&column=161";"Трудовое право";"https://www.cntiprogress.ru/seminarsforcolumn/default.aspx?column=33"
"Трудовое право. Кадровое делопроизводство";"https://www.cntiprogress.ru/seminarsforcolumn/default.aspx?action=1&column=161";"Кадровое делопроизводство";"https://www.cntiprogress.ru/seminarsforcolumn/default.aspx?column=157"
"HR-технологии. Управление персоналом";"https://www.cntiprogress.ru/seminarsforcolumn/default.aspx?action=1&column=162";"Управление персоналом";"https://www.cntiprogress.ru/seminarsforcolumn/default.aspx?column=105"
"HR-технологии. Управление персоналом";"https://www.cntiprogress.ru/seminarsforcolumn/default.aspx?action=1&column=162";"HR-технологии";"https://www.cntiprogress.ru/seminarsforcolumn/default.aspx?column=158"
"HR-технологии. Управление персоналом";"https://www.cntiprogress.ru/seminarsforcolumn/default.aspx?action=1&column=162";"Оценка и обучение персонала";"https://www.cntiprogress.ru/seminarsforcolumn/default.aspx?column=159"
"HR-технологии. Управление персоналом";"https://www.cntiprogress.ru/seminarsforcolumn/default.aspx?action=1&column=162";"Мотивация персонала";"https://www.cntiprogress.ru/seminarsforcolumn/default.aspx?column=160"
"Работа с руководителем";"https://www.cntiprogress.ru/seminarsforcolumn/default.aspx?action=1&column=107";"";""
"Делопроизводство";"https://www.cntiprogress.ru/seminarsforcolumn/default.aspx?action=1&column=108";"";""
"Архивы";"https://www.cntiprogress.ru/seminarsforcolumn/default.aspx?action=1&column=127";"";""
"Общий менеджмент";"https://www.cntiprogress.ru/seminarsforcolumn/default.aspx?action=1&column=30";"";""
"Специальный менеджмент";"https://www.cntiprogress.ru/seminarsforcolumn/default.aspx?action=1&column=133";"";""
"Управление административно-хозяйственной деятельностью";"https://www.cntiprogress.ru/seminarsforcolumn/default.aspx?action=1&column=132";"";""
"Спортивный менеджмент";"https://www.cntiprogress.ru/seminarsforcolumn/default.aspx?action=1&column=48";"";""
"Маркетинг. Продажи";"https://www.cntiprogress.ru/seminarsforcolumn/default.aspx?action=1&column=124";"";""
"Реклама. PR";"https://www.cntiprogress.ru/seminarsforcolumn/default.aspx?action=1&column=134";"";""
"Налогообложение";"https://www.cntiprogress.ru/seminarsforcolumn/default.aspx?action=1&column=99";"";""
"Бухгалтерский учет";"https://www.cntiprogress.ru/seminarsforcolumn/default.aspx?action=1&column=4";"Бухгалтерский учет в коммерческих организациях";"https://www.cntiprogress.ru/seminarsforcolumn/default.aspx?column=131"
"Бухгалтерский учет";"https://www.cntiprogress.ru/seminarsforcolumn/default.aspx?action=1&column=4";"Бюджетный учет";"https://www.cntiprogress.ru/seminarsforcolumn/default.aspx?column=68"
"Бухгалтерский учет";"https://www.cntiprogress.ru/seminarsforcolumn/default.aspx?action=1&column=4";"Отраслевой учет";"https://www.cntiprogress.ru/seminarsforcolumn/default.aspx?column=101"
"Финансовый менеджмент. Экономика";"https://www.cntiprogress.ru/seminarsforcolumn/default.aspx?action=1&column=2";"";""
"Оплата труда и мотивация";"https://www.cntiprogress.ru/seminarsforcolumn/default.aspx?action=1&column=3";"";""
"Нормирование труда";"https://www.cntiprogress.ru/seminarsforcolumn/default.aspx?action=1&column=109";"";""
"Корпоративное право";"https://www.cntiprogress.ru/seminarsforcolumn/default.aspx?action=1&column=104";"";""
"Гражданское и процессуальное право";"https://www.cntiprogress.ru/seminarsforcolumn/default.aspx?action=1&column=96";"";""
"Другие отрасли права";"https://www.cntiprogress.ru/seminarsforcolumn/default.aspx?action=1&column=98";"";""
"Право по виду деятельности";"https://www.cntiprogress.ru/seminarsforcolumn/default.aspx?action=1&column=97";"";""
"Договорная работа";"https://www.cntiprogress.ru/seminarsforcolumn/default.aspx?action=1&column=95";"";""
"Внешнеэкономическая деятельность";"https://www.cntiprogress.ru/seminarsforcolumn/default.aspx?action=1&column=6";"";""
"Управление ИТ-инфраструктурой";"https://www.cntiprogress.ru/seminarsforcolumn/default.aspx?action=1&column=26";"";""
"Программное обеспечение";"https://www.cntiprogress.ru/seminarsforcolumn/default.aspx?action=1&column=137";"";""
"Кибербезопасность и защита данных";"https://www.cntiprogress.ru/seminarsforcolumn/default.aspx?action=1&column=156";"";""
"Проектирование и строительство объектов связи";"https://www.cntiprogress.ru/seminarsforcolumn/default.aspx?action=1&column=27";"";""
"Организация деятельности учреждений и органов власти";"https://www.cntiprogress.ru/seminarsforcolumn/default.aspx?action=1&column=57";"";""
"Бюджетное финансирование";"https://www.cntiprogress.ru/seminarsforcolumn/default.aspx?action=1&column=58";"";""
"Некоммерческие организации";"https://www.cntiprogress.ru/seminarsforcolumn/default.aspx?action=1&column=9";"";""
"Организация работы органов социальной защиты населения";"https://www.cntiprogress.ru/seminarsforcolumn/default.aspx?action=1&column=83";"";""
"Технологии социального обслуживания";"https://www.cntiprogress.ru/seminarsforcolumn/default.aspx?action=1&column=82";"";""
"Организация здравоохранения";"https://www.cntiprogress.ru/seminarsforcolumn/default.aspx?action=1&column=79";"";""
"Право в здравоохранении";"https://www.cntiprogress.ru/seminarsforcolumn/default.aspx?action=1&column=80";"";""
"Экономика и финансы в здравоохранении";"https://www.cntiprogress.ru/seminarsforcolumn/default.aspx?action=1&column=81";"";""
"Высшее образование";"https://www.cntiprogress.ru/seminarsforcolumn/default.aspx?action=1&column=16";"";""
"Среднее профессиональное образование";"https://www.cntiprogress.ru/seminarsforcolumn/default.aspx?action=1&column=63";"";""
"Дополнительное профессиональное образование";"https://www.cntiprogress.ru/seminarsforcolumn/default.aspx?action=1&column=122";"";""
"Управление в сфере культуры";"https://www.cntiprogress.ru/seminarsforcolumn/default.aspx?action=1&column=123";"";""
"Театры. ДК";"https://www.cntiprogress.ru/seminarsforcolumn/default.aspx?action=1&column=76";"";""
"Музеи. Библиотеки";"https://www.cntiprogress.ru/seminarsforcolumn/default.aspx?action=1&column=75";"";""
"Организация культурно-досуговых мероприятий";"https://www.cntiprogress.ru/seminarsforcolumn/default.aspx?action=1&column=102";"";""
"Технологии: звук, свет, сцена";"https://www.cntiprogress.ru/seminarsforcolumn/default.aspx?action=1&column=78";"";""
"СМИ, редакция";"https://www.cntiprogress.ru/seminarsforcolumn/default.aspx?action=1&column=19";"";""
"Дизайн";"https://www.cntiprogress.ru/seminarsforcolumn/default.aspx?action=1&column=135";"";""
"Переводы";"https://www.cntiprogress.ru/seminarsforcolumn/default.aspx?action=1&column=17";"";""
"Пищевое производство";"https://www.cntiprogress.ru/seminarsforcolumn/default.aspx?action=1&column=120";"";""
"Сельское хозяйство";"https://www.cntiprogress.ru/seminarsforcolumn/default.aspx?action=1&column=168";"";""
"Гостиницы";"https://www.cntiprogress.ru/seminarsforcolumn/default.aspx?action=1&column=47";"";""
"Общепит";"https://www.cntiprogress.ru/seminarsforcolumn/default.aspx?action=1&column=46";"";""
"ХАССП и контроль качества";"https://www.cntiprogress.ru/seminarsforcolumn/default.aspx?action=1&column=136";"";""
