Ссылка;Название;Сайт
https://exhibitors-itegroup.exhibitoronlinemanual.com/weldex-2025/ru/Exhibitor/ExbDetails/NTc4Mg==;"""Финикл Сити"" превращается в ""меха-лимитед""";https://www.zhengcheng.com
https://exhibitors-itegroup.exhibitoronlinemanual.com/weldex-2025/ru/Exhibitor/ExbDetails/NTEyMg==;ADOR WELDING LIMITED;https://adorwelding.com
https://exhibitors-itegroup.exhibitoronlinemanual.com/weldex-2025/ru/Exhibitor/ExbDetails/NTIwMw==;ARCUS;https://arcus.ru/
https://exhibitors-itegroup.exhibitoronlinemanual.com/weldex-2025/ru/Exhibitor/ExbDetails/NTQ0Ng==;Argon;https://www.artongas.ru/
https://exhibitors-itegroup.exhibitoronlinemanual.com/weldex-2025/ru/Exhibitor/ExbDetails/NTU3Mg==;"Atlantic Welding Import &; Export Co.?Ltd.";https://www.weldatlantic.com
https://exhibitors-itegroup.exhibitoronlinemanual.com/weldex-2025/ru/Exhibitor/ExbDetails/NTU4NA==;Changzhou Sanmei Industrial Equipment Co.,Ltd;https://wwwsanmeicut.com
https://exhibitors-itegroup.exhibitoronlinemanual.com/weldex-2025/ru/Exhibitor/ExbDetails/NjgwMg==;China Fastener Magazine;https://www.chinafastener.com
https://exhibitors-itegroup.exhibitoronlinemanual.com/weldex-2025/ru/Exhibitor/ExbDetails/NTY3NA==;Chongqing Henghui Precision Mold Co., Ltd;https://www.citools.ru/
https://exhibitors-itegroup.exhibitoronlinemanual.com/weldex-2025/ru/Exhibitor/ExbDetails/NTExMw==;D&H SECHERON ELECTRODES PVT LTD;https://www.dnhsecheron.com
https://exhibitors-itegroup.exhibitoronlinemanual.com/weldex-2025/ru/Exhibitor/ExbDetails/NTIxNQ==;DECAPOWER;https://www.decapowerwelder.ru
https://exhibitors-itegroup.exhibitoronlinemanual.com/weldex-2025/ru/Exhibitor/ExbDetails/NTkxMQ==;DIFFUSION ENGINEERS LIMITED;https://www.diffusionengineers.com
https://exhibitors-itegroup.exhibitoronlinemanual.com/weldex-2025/ru/Exhibitor/ExbDetails/NTgwMA==;Dongguan De Xin Metal Co,.LTD;https://www.janyie.com
https://exhibitors-itegroup.exhibitoronlinemanual.com/weldex-2025/ru/Exhibitor/ExbDetails/NTY4OQ==;DONGUAN JINPENG HARDWARE TECHNOLOGY CO., LTD;http://dgjpfasteners.en.alibaba.com
https://exhibitors-itegroup.exhibitoronlinemanual.com/weldex-2025/ru/Exhibitor/ExbDetails/NTY1OQ==;Dyshine Industry Co.,Ltd;https://www.dyfastener.net
https://exhibitors-itegroup.exhibitoronlinemanual.com/weldex-2025/ru/Exhibitor/ExbDetails/NTc0MA==;EAGLE METALWARE CO., LTD;https://www.egluosi.com
https://exhibitors-itegroup.exhibitoronlinemanual.com/weldex-2025/ru/Exhibitor/ExbDetails/NjEzNg==;EKO KAYNAK;https://ekokaynak.ru/
https://exhibitors-itegroup.exhibitoronlinemanual.com/weldex-2025/ru/Exhibitor/ExbDetails/NTM3MQ==;FAIRINO;https://www.Fairino.ru
https://exhibitors-itegroup.exhibitoronlinemanual.com/weldex-2025/ru/Exhibitor/ExbDetails/NTYwOA==;FARINA (Цзинань) Сварочные Технологии и Оборудование ООО;http://www.farinaweldtec.com
https://exhibitors-itegroup.exhibitoronlinemanual.com/weldex-2025/ru/Exhibitor/ExbDetails/NTQ0MA==;FixPlast;https://app.weldex-connect.com/login
https://exhibitors-itegroup.exhibitoronlinemanual.com/weldex-2025/ru/Exhibitor/ExbDetails/NTY0MQ==;Foshan Sanqiao Welding Industrial Co., Ltd;https://www.sanqiaoco.com
https://exhibitors-itegroup.exhibitoronlinemanual.com/weldex-2025/ru/Exhibitor/ExbDetails/NTI0NQ==;GROVERS;https://grovers.ru/
https://exhibitors-itegroup.exhibitoronlinemanual.com/weldex-2025/ru/Exhibitor/ExbDetails/NTczNw==;Haining Shengwo Trading Co.,Ltd;https://www.china-shengwo.com
https://exhibitors-itegroup.exhibitoronlinemanual.com/weldex-2025/ru/Exhibitor/ExbDetails/NTYzNQ==;Hangzhou Zhanqi Brush Co.,Ltd;https://www.zhanqi-brush.com
https://exhibitors-itegroup.exhibitoronlinemanual.com/weldex-2025/ru/Exhibitor/ExbDetails/NTY5NQ==;Hebei Ninggu Fastener Co., Ltd;https://abcsgmj.ngfastener.ru/
https://exhibitors-itegroup.exhibitoronlinemanual.com/weldex-2025/ru/Exhibitor/ExbDetails/NTEyMg==;ADOR WELDING LIMITED;https://adorwelding.com
https://exhibitors-itegroup.exhibitoronlinemanual.com/weldex-2025/ru/Exhibitor/ExbDetails/NTIwMw==;ARCUS;https://arcus.ru/
https://exhibitors-itegroup.exhibitoronlinemanual.com/weldex-2025/ru/Exhibitor/ExbDetails/NTQ0Ng==;Argon;https://www.artongas.ru/
https://exhibitors-itegroup.exhibitoronlinemanual.com/weldex-2025/ru/Exhibitor/ExbDetails/NTU3Mg==;"Atlantic Welding Import &; Export Co.?Ltd.";https://www.weldatlantic.com
https://exhibitors-itegroup.exhibitoronlinemanual.com/weldex-2025/ru/Exhibitor/ExbDetails/NTU4NA==;Changzhou Sanmei Industrial Equipment Co.,Ltd;https://wwwsanmeicut.com
https://exhibitors-itegroup.exhibitoronlinemanual.com/weldex-2025/ru/Exhibitor/ExbDetails/NjgwMg==;China Fastener Magazine;https://www.chinafastener.com
https://exhibitors-itegroup.exhibitoronlinemanual.com/weldex-2025/ru/Exhibitor/ExbDetails/NTY3NA==;Chongqing Henghui Precision Mold Co., Ltd;https://www.citools.ru/
https://exhibitors-itegroup.exhibitoronlinemanual.com/weldex-2025/ru/Exhibitor/ExbDetails/NTExMw==;D&H SECHERON ELECTRODES PVT LTD;https://www.dnhsecheron.com
https://exhibitors-itegroup.exhibitoronlinemanual.com/weldex-2025/ru/Exhibitor/ExbDetails/NTIxNQ==;DECAPOWER;https://www.decapowerwelder.ru
https://exhibitors-itegroup.exhibitoronlinemanual.com/weldex-2025/ru/Exhibitor/ExbDetails/NTkxMQ==;DIFFUSION ENGINEERS LIMITED;https://www.diffusionengineers.com
https://exhibitors-itegroup.exhibitoronlinemanual.com/weldex-2025/ru/Exhibitor/ExbDetails/NTgwMA==;Dongguan De Xin Metal Co,.LTD;https://www.janyie.com
https://exhibitors-itegroup.exhibitoronlinemanual.com/weldex-2025/ru/Exhibitor/ExbDetails/NTY4OQ==;DONGUAN JINPENG HARDWARE TECHNOLOGY CO., LTD;http://dgjpfasteners.en.alibaba.com
https://exhibitors-itegroup.exhibitoronlinemanual.com/weldex-2025/ru/Exhibitor/ExbDetails/NTY1OQ==;Dyshine Industry Co.,Ltd;https://www.dyfastener.net
https://exhibitors-itegroup.exhibitoronlinemanual.com/weldex-2025/ru/Exhibitor/ExbDetails/NTc0MA==;EAGLE METALWARE CO., LTD;https://www.egluosi.com
https://exhibitors-itegroup.exhibitoronlinemanual.com/weldex-2025/ru/Exhibitor/ExbDetails/NjEzNg==;EKO KAYNAK;https://ekokaynak.ru/
https://exhibitors-itegroup.exhibitoronlinemanual.com/weldex-2025/ru/Exhibitor/ExbDetails/NTM3MQ==;FAIRINO;https://www.Fairino.ru
https://exhibitors-itegroup.exhibitoronlinemanual.com/weldex-2025/ru/Exhibitor/ExbDetails/NTYwOA==;FARINA (Цзинань) Сварочные Технологии и Оборудование ООО;http://www.farinaweldtec.com
https://exhibitors-itegroup.exhibitoronlinemanual.com/weldex-2025/ru/Exhibitor/ExbDetails/NTQ0MA==;FixPlast;https://app.weldex-connect.com/login
https://exhibitors-itegroup.exhibitoronlinemanual.com/weldex-2025/ru/Exhibitor/ExbDetails/NTY0MQ==;Foshan Sanqiao Welding Industrial Co., Ltd;https://www.sanqiaoco.com
https://exhibitors-itegroup.exhibitoronlinemanual.com/weldex-2025/ru/Exhibitor/ExbDetails/NTI0NQ==;GROVERS;https://grovers.ru/
https://exhibitors-itegroup.exhibitoronlinemanual.com/weldex-2025/ru/Exhibitor/ExbDetails/NTczNw==;Haining Shengwo Trading Co.,Ltd;https://www.china-shengwo.com
https://exhibitors-itegroup.exhibitoronlinemanual.com/weldex-2025/ru/Exhibitor/ExbDetails/NTYzNQ==;Hangzhou Zhanqi Brush Co.,Ltd;https://www.zhanqi-brush.com
https://exhibitors-itegroup.exhibitoronlinemanual.com/weldex-2025/ru/Exhibitor/ExbDetails/NTY5NQ==;Hebei Ninggu Fastener Co., Ltd;https://abcsgmj.ngfastener.ru/
https://exhibitors-itegroup.exhibitoronlinemanual.com/weldex-2025/ru/Exhibitor/ExbDetails/NTQ0OQ==;Hebei Runfeng Low Temperature Equipment Co. Ltd;https://www.rfcryo.ru
https://exhibitors-itegroup.exhibitoronlinemanual.com/weldex-2025/ru/Exhibitor/ExbDetails/NTIwMw==;ARCUS;https://arcus.ru/
https://exhibitors-itegroup.exhibitoronlinemanual.com/weldex-2025/ru/Exhibitor/ExbDetails/NTQ0Ng==;Argon;https://www.artongas.ru/
https://exhibitors-itegroup.exhibitoronlinemanual.com/weldex-2025/ru/Exhibitor/ExbDetails/NTU3Mg==;"Atlantic Welding Import &; Export Co.?Ltd.";https://www.weldatlantic.com
https://exhibitors-itegroup.exhibitoronlinemanual.com/weldex-2025/ru/Exhibitor/ExbDetails/NTU4NA==;Changzhou Sanmei Industrial Equipment Co.,Ltd;https://wwwsanmeicut.com
https://exhibitors-itegroup.exhibitoronlinemanual.com/weldex-2025/ru/Exhibitor/ExbDetails/NjgwMg==;China Fastener Magazine;https://www.chinafastener.com
https://exhibitors-itegroup.exhibitoronlinemanual.com/weldex-2025/ru/Exhibitor/ExbDetails/NTY3NA==;Chongqing Henghui Precision Mold Co., Ltd;https://www.citools.ru/
https://exhibitors-itegroup.exhibitoronlinemanual.com/weldex-2025/ru/Exhibitor/ExbDetails/NTExMw==;D&H SECHERON ELECTRODES PVT LTD;https://www.dnhsecheron.com
https://exhibitors-itegroup.exhibitoronlinemanual.com/weldex-2025/ru/Exhibitor/ExbDetails/NTIxNQ==;DECAPOWER;https://www.decapowerwelder.ru
https://exhibitors-itegroup.exhibitoronlinemanual.com/weldex-2025/ru/Exhibitor/ExbDetails/NTkxMQ==;DIFFUSION ENGINEERS LIMITED;https://www.diffusionengineers.com
https://exhibitors-itegroup.exhibitoronlinemanual.com/weldex-2025/ru/Exhibitor/ExbDetails/NTgwMA==;Dongguan De Xin Metal Co,.LTD;https://www.janyie.com
https://exhibitors-itegroup.exhibitoronlinemanual.com/weldex-2025/ru/Exhibitor/ExbDetails/NTY4OQ==;DONGUAN JINPENG HARDWARE TECHNOLOGY CO., LTD;http://dgjpfasteners.en.alibaba.com
https://exhibitors-itegroup.exhibitoronlinemanual.com/weldex-2025/ru/Exhibitor/ExbDetails/NTY1OQ==;Dyshine Industry Co.,Ltd;https://www.dyfastener.net
https://exhibitors-itegroup.exhibitoronlinemanual.com/weldex-2025/ru/Exhibitor/ExbDetails/NTc0MA==;EAGLE METALWARE CO., LTD;https://www.egluosi.com
https://exhibitors-itegroup.exhibitoronlinemanual.com/weldex-2025/ru/Exhibitor/ExbDetails/NjEzNg==;EKO KAYNAK;https://ekokaynak.ru/
https://exhibitors-itegroup.exhibitoronlinemanual.com/weldex-2025/ru/Exhibitor/ExbDetails/NTM3MQ==;FAIRINO;https://www.Fairino.ru
https://exhibitors-itegroup.exhibitoronlinemanual.com/weldex-2025/ru/Exhibitor/ExbDetails/NTYwOA==;FARINA (Цзинань) Сварочные Технологии и Оборудование ООО;http://www.farinaweldtec.com
https://exhibitors-itegroup.exhibitoronlinemanual.com/weldex-2025/ru/Exhibitor/ExbDetails/NTQ0MA==;FixPlast;https://app.weldex-connect.com/login
https://exhibitors-itegroup.exhibitoronlinemanual.com/weldex-2025/ru/Exhibitor/ExbDetails/NTY0MQ==;Foshan Sanqiao Welding Industrial Co., Ltd;https://www.sanqiaoco.com
https://exhibitors-itegroup.exhibitoronlinemanual.com/weldex-2025/ru/Exhibitor/ExbDetails/NTI0NQ==;GROVERS;https://grovers.ru/
https://exhibitors-itegroup.exhibitoronlinemanual.com/weldex-2025/ru/Exhibitor/ExbDetails/NTczNw==;Haining Shengwo Trading Co.,Ltd;https://www.china-shengwo.com
https://exhibitors-itegroup.exhibitoronlinemanual.com/weldex-2025/ru/Exhibitor/ExbDetails/NTYzNQ==;Hangzhou Zhanqi Brush Co.,Ltd;https://www.zhanqi-brush.com
https://exhibitors-itegroup.exhibitoronlinemanual.com/weldex-2025/ru/Exhibitor/ExbDetails/NTY5NQ==;Hebei Ninggu Fastener Co., Ltd;https://abcsgmj.ngfastener.ru/
https://exhibitors-itegroup.exhibitoronlinemanual.com/weldex-2025/ru/Exhibitor/ExbDetails/NTQ0OQ==;Hebei Runfeng Low Temperature Equipment Co. Ltd;https://www.rfcryo.ru
https://exhibitors-itegroup.exhibitoronlinemanual.com/weldex-2025/ru/Exhibitor/ExbDetails/NTczMQ==;HEBEI YAOSHI METAL PRODUCTS CO.,LTD;http://www.ysfix.com/
https://exhibitors-itegroup.exhibitoronlinemanual.com/weldex-2025/ru/Exhibitor/ExbDetails/NTQ0Ng==;Argon;https://www.artongas.ru/
https://exhibitors-itegroup.exhibitoronlinemanual.com/weldex-2025/ru/Exhibitor/ExbDetails/NTU3Mg==;"Atlantic Welding Import &; Export Co.?Ltd.";https://www.weldatlantic.com
https://exhibitors-itegroup.exhibitoronlinemanual.com/weldex-2025/ru/Exhibitor/ExbDetails/NTU4NA==;Changzhou Sanmei Industrial Equipment Co.,Ltd;https://wwwsanmeicut.com
https://exhibitors-itegroup.exhibitoronlinemanual.com/weldex-2025/ru/Exhibitor/ExbDetails/NjgwMg==;China Fastener Magazine;https://www.chinafastener.com
https://exhibitors-itegroup.exhibitoronlinemanual.com/weldex-2025/ru/Exhibitor/ExbDetails/NTY3NA==;Chongqing Henghui Precision Mold Co., Ltd;https://www.citools.ru/
https://exhibitors-itegroup.exhibitoronlinemanual.com/weldex-2025/ru/Exhibitor/ExbDetails/NTExMw==;D&H SECHERON ELECTRODES PVT LTD;https://www.dnhsecheron.com
https://exhibitors-itegroup.exhibitoronlinemanual.com/weldex-2025/ru/Exhibitor/ExbDetails/NTIxNQ==;DECAPOWER;https://www.decapowerwelder.ru
https://exhibitors-itegroup.exhibitoronlinemanual.com/weldex-2025/ru/Exhibitor/ExbDetails/NTkxMQ==;DIFFUSION ENGINEERS LIMITED;https://www.diffusionengineers.com
https://exhibitors-itegroup.exhibitoronlinemanual.com/weldex-2025/ru/Exhibitor/ExbDetails/NTgwMA==;Dongguan De Xin Metal Co,.LTD;https://www.janyie.com
https://exhibitors-itegroup.exhibitoronlinemanual.com/weldex-2025/ru/Exhibitor/ExbDetails/NTY4OQ==;DONGUAN JINPENG HARDWARE TECHNOLOGY CO., LTD;http://dgjpfasteners.en.alibaba.com
https://exhibitors-itegroup.exhibitoronlinemanual.com/weldex-2025/ru/Exhibitor/ExbDetails/NTY1OQ==;Dyshine Industry Co.,Ltd;https://www.dyfastener.net
https://exhibitors-itegroup.exhibitoronlinemanual.com/weldex-2025/ru/Exhibitor/ExbDetails/NTc0MA==;EAGLE METALWARE CO., LTD;https://www.egluosi.com
https://exhibitors-itegroup.exhibitoronlinemanual.com/weldex-2025/ru/Exhibitor/ExbDetails/NjEzNg==;EKO KAYNAK;https://ekokaynak.ru/
https://exhibitors-itegroup.exhibitoronlinemanual.com/weldex-2025/ru/Exhibitor/ExbDetails/NTM3MQ==;FAIRINO;https://www.Fairino.ru
https://exhibitors-itegroup.exhibitoronlinemanual.com/weldex-2025/ru/Exhibitor/ExbDetails/NTYwOA==;FARINA (Цзинань) Сварочные Технологии и Оборудование ООО;http://www.farinaweldtec.com
https://exhibitors-itegroup.exhibitoronlinemanual.com/weldex-2025/ru/Exhibitor/ExbDetails/NTQ0MA==;FixPlast;https://app.weldex-connect.com/login
https://exhibitors-itegroup.exhibitoronlinemanual.com/weldex-2025/ru/Exhibitor/ExbDetails/NTY0MQ==;Foshan Sanqiao Welding Industrial Co., Ltd;https://www.sanqiaoco.com
https://exhibitors-itegroup.exhibitoronlinemanual.com/weldex-2025/ru/Exhibitor/ExbDetails/NTI0NQ==;GROVERS;https://grovers.ru/
https://exhibitors-itegroup.exhibitoronlinemanual.com/weldex-2025/ru/Exhibitor/ExbDetails/NTczNw==;Haining Shengwo Trading Co.,Ltd;https://www.china-shengwo.com
https://exhibitors-itegroup.exhibitoronlinemanual.com/weldex-2025/ru/Exhibitor/ExbDetails/NTYzNQ==;Hangzhou Zhanqi Brush Co.,Ltd;https://www.zhanqi-brush.com
https://exhibitors-itegroup.exhibitoronlinemanual.com/weldex-2025/ru/Exhibitor/ExbDetails/NTY5NQ==;Hebei Ninggu Fastener Co., Ltd;https://abcsgmj.ngfastener.ru/
https://exhibitors-itegroup.exhibitoronlinemanual.com/weldex-2025/ru/Exhibitor/ExbDetails/NTQ0OQ==;Hebei Runfeng Low Temperature Equipment Co. Ltd;https://www.rfcryo.ru
https://exhibitors-itegroup.exhibitoronlinemanual.com/weldex-2025/ru/Exhibitor/ExbDetails/NTczMQ==;HEBEI YAOSHI METAL PRODUCTS CO.,LTD;http://www.ysfix.com/
https://exhibitors-itegroup.exhibitoronlinemanual.com/weldex-2025/ru/Exhibitor/ExbDetails/NTU3OA==;Huaao Welding Machine Co.,Ltd;https://www.huaaowelding.com
https://exhibitors-itegroup.exhibitoronlinemanual.com/weldex-2025/ru/Exhibitor/ExbDetails/NTU3Mg==;"Atlantic Welding Import &; Export Co.?Ltd.";https://www.weldatlantic.com
https://exhibitors-itegroup.exhibitoronlinemanual.com/weldex-2025/ru/Exhibitor/ExbDetails/NTU4NA==;Changzhou Sanmei Industrial Equipment Co.,Ltd;https://wwwsanmeicut.com
https://exhibitors-itegroup.exhibitoronlinemanual.com/weldex-2025/ru/Exhibitor/ExbDetails/NjgwMg==;China Fastener Magazine;https://www.chinafastener.com
https://exhibitors-itegroup.exhibitoronlinemanual.com/weldex-2025/ru/Exhibitor/ExbDetails/NTY3NA==;Chongqing Henghui Precision Mold Co., Ltd;https://www.citools.ru/
https://exhibitors-itegroup.exhibitoronlinemanual.com/weldex-2025/ru/Exhibitor/ExbDetails/NTExMw==;D&H SECHERON ELECTRODES PVT LTD;https://www.dnhsecheron.com
https://exhibitors-itegroup.exhibitoronlinemanual.com/weldex-2025/ru/Exhibitor/ExbDetails/NTIxNQ==;DECAPOWER;https://www.decapowerwelder.ru
https://exhibitors-itegroup.exhibitoronlinemanual.com/weldex-2025/ru/Exhibitor/ExbDetails/NTkxMQ==;DIFFUSION ENGINEERS LIMITED;https://www.diffusionengineers.com
https://exhibitors-itegroup.exhibitoronlinemanual.com/weldex-2025/ru/Exhibitor/ExbDetails/NTgwMA==;Dongguan De Xin Metal Co,.LTD;https://www.janyie.com
https://exhibitors-itegroup.exhibitoronlinemanual.com/weldex-2025/ru/Exhibitor/ExbDetails/NTY4OQ==;DONGUAN JINPENG HARDWARE TECHNOLOGY CO., LTD;http://dgjpfasteners.en.alibaba.com
https://exhibitors-itegroup.exhibitoronlinemanual.com/weldex-2025/ru/Exhibitor/ExbDetails/NTY1OQ==;Dyshine Industry Co.,Ltd;https://www.dyfastener.net
https://exhibitors-itegroup.exhibitoronlinemanual.com/weldex-2025/ru/Exhibitor/ExbDetails/NTc0MA==;EAGLE METALWARE CO., LTD;https://www.egluosi.com
https://exhibitors-itegroup.exhibitoronlinemanual.com/weldex-2025/ru/Exhibitor/ExbDetails/NjEzNg==;EKO KAYNAK;https://ekokaynak.ru/
https://exhibitors-itegroup.exhibitoronlinemanual.com/weldex-2025/ru/Exhibitor/ExbDetails/NTM3MQ==;FAIRINO;https://www.Fairino.ru
https://exhibitors-itegroup.exhibitoronlinemanual.com/weldex-2025/ru/Exhibitor/ExbDetails/NTYwOA==;FARINA (Цзинань) Сварочные Технологии и Оборудование ООО;http://www.farinaweldtec.com
https://exhibitors-itegroup.exhibitoronlinemanual.com/weldex-2025/ru/Exhibitor/ExbDetails/NTQ0MA==;FixPlast;https://app.weldex-connect.com/login
https://exhibitors-itegroup.exhibitoronlinemanual.com/weldex-2025/ru/Exhibitor/ExbDetails/NTY0MQ==;Foshan Sanqiao Welding Industrial Co., Ltd;https://www.sanqiaoco.com
https://exhibitors-itegroup.exhibitoronlinemanual.com/weldex-2025/ru/Exhibitor/ExbDetails/NTI0NQ==;GROVERS;https://grovers.ru/
https://exhibitors-itegroup.exhibitoronlinemanual.com/weldex-2025/ru/Exhibitor/ExbDetails/NTczNw==;Haining Shengwo Trading Co.,Ltd;https://www.china-shengwo.com
https://exhibitors-itegroup.exhibitoronlinemanual.com/weldex-2025/ru/Exhibitor/ExbDetails/NTYzNQ==;Hangzhou Zhanqi Brush Co.,Ltd;https://www.zhanqi-brush.com
https://exhibitors-itegroup.exhibitoronlinemanual.com/weldex-2025/ru/Exhibitor/ExbDetails/NTY5NQ==;Hebei Ninggu Fastener Co., Ltd;https://abcsgmj.ngfastener.ru/
https://exhibitors-itegroup.exhibitoronlinemanual.com/weldex-2025/ru/Exhibitor/ExbDetails/NTQ0OQ==;Hebei Runfeng Low Temperature Equipment Co. Ltd;https://www.rfcryo.ru
https://exhibitors-itegroup.exhibitoronlinemanual.com/weldex-2025/ru/Exhibitor/ExbDetails/NTczMQ==;HEBEI YAOSHI METAL PRODUCTS CO.,LTD;http://www.ysfix.com/
https://exhibitors-itegroup.exhibitoronlinemanual.com/weldex-2025/ru/Exhibitor/ExbDetails/NTU3OA==;Huaao Welding Machine Co.,Ltd;https://www.huaaowelding.com
https://exhibitors-itegroup.exhibitoronlinemanual.com/weldex-2025/ru/Exhibitor/ExbDetails/NTM3Nw==;HUGONG;https://hugongweld.ru/
https://exhibitors-itegroup.exhibitoronlinemanual.com/weldex-2025/ru/Exhibitor/ExbDetails/NTU4NA==;Changzhou Sanmei Industrial Equipment Co.,Ltd;https://wwwsanmeicut.com
https://exhibitors-itegroup.exhibitoronlinemanual.com/weldex-2025/ru/Exhibitor/ExbDetails/NjgwMg==;China Fastener Magazine;https://www.chinafastener.com
https://exhibitors-itegroup.exhibitoronlinemanual.com/weldex-2025/ru/Exhibitor/ExbDetails/NTY3NA==;Chongqing Henghui Precision Mold Co., Ltd;https://www.citools.ru/
https://exhibitors-itegroup.exhibitoronlinemanual.com/weldex-2025/ru/Exhibitor/ExbDetails/NTExMw==;D&H SECHERON ELECTRODES PVT LTD;https://www.dnhsecheron.com
https://exhibitors-itegroup.exhibitoronlinemanual.com/weldex-2025/ru/Exhibitor/ExbDetails/NTIxNQ==;DECAPOWER;https://www.decapowerwelder.ru
https://exhibitors-itegroup.exhibitoronlinemanual.com/weldex-2025/ru/Exhibitor/ExbDetails/NTkxMQ==;DIFFUSION ENGINEERS LIMITED;https://www.diffusionengineers.com
https://exhibitors-itegroup.exhibitoronlinemanual.com/weldex-2025/ru/Exhibitor/ExbDetails/NTgwMA==;Dongguan De Xin Metal Co,.LTD;https://www.janyie.com
https://exhibitors-itegroup.exhibitoronlinemanual.com/weldex-2025/ru/Exhibitor/ExbDetails/NTY4OQ==;DONGUAN JINPENG HARDWARE TECHNOLOGY CO., LTD;http://dgjpfasteners.en.alibaba.com
https://exhibitors-itegroup.exhibitoronlinemanual.com/weldex-2025/ru/Exhibitor/ExbDetails/NTY1OQ==;Dyshine Industry Co.,Ltd;https://www.dyfastener.net
https://exhibitors-itegroup.exhibitoronlinemanual.com/weldex-2025/ru/Exhibitor/ExbDetails/NTc0MA==;EAGLE METALWARE CO., LTD;https://www.egluosi.com
https://exhibitors-itegroup.exhibitoronlinemanual.com/weldex-2025/ru/Exhibitor/ExbDetails/NjEzNg==;EKO KAYNAK;https://ekokaynak.ru/
https://exhibitors-itegroup.exhibitoronlinemanual.com/weldex-2025/ru/Exhibitor/ExbDetails/NTM3MQ==;FAIRINO;https://www.Fairino.ru
https://exhibitors-itegroup.exhibitoronlinemanual.com/weldex-2025/ru/Exhibitor/ExbDetails/NTYwOA==;FARINA (Цзинань) Сварочные Технологии и Оборудование ООО;http://www.farinaweldtec.com
https://exhibitors-itegroup.exhibitoronlinemanual.com/weldex-2025/ru/Exhibitor/ExbDetails/NTQ0MA==;FixPlast;https://app.weldex-connect.com/login
https://exhibitors-itegroup.exhibitoronlinemanual.com/weldex-2025/ru/Exhibitor/ExbDetails/NTY0MQ==;Foshan Sanqiao Welding Industrial Co., Ltd;https://www.sanqiaoco.com
https://exhibitors-itegroup.exhibitoronlinemanual.com/weldex-2025/ru/Exhibitor/ExbDetails/NTI0NQ==;GROVERS;https://grovers.ru/
https://exhibitors-itegroup.exhibitoronlinemanual.com/weldex-2025/ru/Exhibitor/ExbDetails/NTczNw==;Haining Shengwo Trading Co.,Ltd;https://www.china-shengwo.com
https://exhibitors-itegroup.exhibitoronlinemanual.com/weldex-2025/ru/Exhibitor/ExbDetails/NTYzNQ==;Hangzhou Zhanqi Brush Co.,Ltd;https://www.zhanqi-brush.com
https://exhibitors-itegroup.exhibitoronlinemanual.com/weldex-2025/ru/Exhibitor/ExbDetails/NTY5NQ==;Hebei Ninggu Fastener Co., Ltd;https://abcsgmj.ngfastener.ru/
https://exhibitors-itegroup.exhibitoronlinemanual.com/weldex-2025/ru/Exhibitor/ExbDetails/NTQ0OQ==;Hebei Runfeng Low Temperature Equipment Co. Ltd;https://www.rfcryo.ru
https://exhibitors-itegroup.exhibitoronlinemanual.com/weldex-2025/ru/Exhibitor/ExbDetails/NTczMQ==;HEBEI YAOSHI METAL PRODUCTS CO.,LTD;http://www.ysfix.com/
https://exhibitors-itegroup.exhibitoronlinemanual.com/weldex-2025/ru/Exhibitor/ExbDetails/NTU3OA==;Huaao Welding Machine Co.,Ltd;https://www.huaaowelding.com
https://exhibitors-itegroup.exhibitoronlinemanual.com/weldex-2025/ru/Exhibitor/ExbDetails/NTM3Nw==;HUGONG;https://hugongweld.ru/
https://exhibitors-itegroup.exhibitoronlinemanual.com/weldex-2025/ru/Exhibitor/ExbDetails/NTc3MA==;HUIZHOU ZHANCI HARDWARE PRODUCTS CO.,LTD;https://www.clichnuts.com
https://exhibitors-itegroup.exhibitoronlinemanual.com/weldex-2025/ru/Exhibitor/ExbDetails/NjgwMg==;China Fastener Magazine;https://www.chinafastener.com
https://exhibitors-itegroup.exhibitoronlinemanual.com/weldex-2025/ru/Exhibitor/ExbDetails/NTY3NA==;Chongqing Henghui Precision Mold Co., Ltd;https://www.citools.ru/
https://exhibitors-itegroup.exhibitoronlinemanual.com/weldex-2025/ru/Exhibitor/ExbDetails/NTExMw==;D&H SECHERON ELECTRODES PVT LTD;https://www.dnhsecheron.com
https://exhibitors-itegroup.exhibitoronlinemanual.com/weldex-2025/ru/Exhibitor/ExbDetails/NTIxNQ==;DECAPOWER;https://www.decapowerwelder.ru
https://exhibitors-itegroup.exhibitoronlinemanual.com/weldex-2025/ru/Exhibitor/ExbDetails/NTkxMQ==;DIFFUSION ENGINEERS LIMITED;https://www.diffusionengineers.com
https://exhibitors-itegroup.exhibitoronlinemanual.com/weldex-2025/ru/Exhibitor/ExbDetails/NTgwMA==;Dongguan De Xin Metal Co,.LTD;https://www.janyie.com
https://exhibitors-itegroup.exhibitoronlinemanual.com/weldex-2025/ru/Exhibitor/ExbDetails/NTY4OQ==;DONGUAN JINPENG HARDWARE TECHNOLOGY CO., LTD;http://dgjpfasteners.en.alibaba.com
https://exhibitors-itegroup.exhibitoronlinemanual.com/weldex-2025/ru/Exhibitor/ExbDetails/NTY1OQ==;Dyshine Industry Co.,Ltd;https://www.dyfastener.net
https://exhibitors-itegroup.exhibitoronlinemanual.com/weldex-2025/ru/Exhibitor/ExbDetails/NTc0MA==;EAGLE METALWARE CO., LTD;https://www.egluosi.com
https://exhibitors-itegroup.exhibitoronlinemanual.com/weldex-2025/ru/Exhibitor/ExbDetails/NjEzNg==;EKO KAYNAK;https://ekokaynak.ru/
https://exhibitors-itegroup.exhibitoronlinemanual.com/weldex-2025/ru/Exhibitor/ExbDetails/NTM3MQ==;FAIRINO;https://www.Fairino.ru
https://exhibitors-itegroup.exhibitoronlinemanual.com/weldex-2025/ru/Exhibitor/ExbDetails/NTYwOA==;FARINA (Цзинань) Сварочные Технологии и Оборудование ООО;http://www.farinaweldtec.com
https://exhibitors-itegroup.exhibitoronlinemanual.com/weldex-2025/ru/Exhibitor/ExbDetails/NTQ0MA==;FixPlast;https://app.weldex-connect.com/login
https://exhibitors-itegroup.exhibitoronlinemanual.com/weldex-2025/ru/Exhibitor/ExbDetails/NTY0MQ==;Foshan Sanqiao Welding Industrial Co., Ltd;https://www.sanqiaoco.com
https://exhibitors-itegroup.exhibitoronlinemanual.com/weldex-2025/ru/Exhibitor/ExbDetails/NTI0NQ==;GROVERS;https://grovers.ru/
https://exhibitors-itegroup.exhibitoronlinemanual.com/weldex-2025/ru/Exhibitor/ExbDetails/NTczNw==;Haining Shengwo Trading Co.,Ltd;https://www.china-shengwo.com
https://exhibitors-itegroup.exhibitoronlinemanual.com/weldex-2025/ru/Exhibitor/ExbDetails/NTYzNQ==;Hangzhou Zhanqi Brush Co.,Ltd;https://www.zhanqi-brush.com
https://exhibitors-itegroup.exhibitoronlinemanual.com/weldex-2025/ru/Exhibitor/ExbDetails/NTY5NQ==;Hebei Ninggu Fastener Co., Ltd;https://abcsgmj.ngfastener.ru/
https://exhibitors-itegroup.exhibitoronlinemanual.com/weldex-2025/ru/Exhibitor/ExbDetails/NTQ0OQ==;Hebei Runfeng Low Temperature Equipment Co. Ltd;https://www.rfcryo.ru
https://exhibitors-itegroup.exhibitoronlinemanual.com/weldex-2025/ru/Exhibitor/ExbDetails/NTczMQ==;HEBEI YAOSHI METAL PRODUCTS CO.,LTD;http://www.ysfix.com/
https://exhibitors-itegroup.exhibitoronlinemanual.com/weldex-2025/ru/Exhibitor/ExbDetails/NTU3OA==;Huaao Welding Machine Co.,Ltd;https://www.huaaowelding.com
https://exhibitors-itegroup.exhibitoronlinemanual.com/weldex-2025/ru/Exhibitor/ExbDetails/NTM3Nw==;HUGONG;https://hugongweld.ru/
https://exhibitors-itegroup.exhibitoronlinemanual.com/weldex-2025/ru/Exhibitor/ExbDetails/NTc3MA==;HUIZHOU ZHANCI HARDWARE PRODUCTS CO.,LTD;https://www.clichnuts.com
https://exhibitors-itegroup.exhibitoronlinemanual.com/weldex-2025/ru/Exhibitor/ExbDetails/NTExNg==;Hundal Group;https://www.hundalgroup.com
https://exhibitors-itegroup.exhibitoronlinemanual.com/weldex-2025/ru/Exhibitor/ExbDetails/NTY3NA==;Chongqing Henghui Precision Mold Co., Ltd;https://www.citools.ru/
https://exhibitors-itegroup.exhibitoronlinemanual.com/weldex-2025/ru/Exhibitor/ExbDetails/NTExMw==;D&H SECHERON ELECTRODES PVT LTD;https://www.dnhsecheron.com
https://exhibitors-itegroup.exhibitoronlinemanual.com/weldex-2025/ru/Exhibitor/ExbDetails/NTIxNQ==;DECAPOWER;https://www.decapowerwelder.ru
https://exhibitors-itegroup.exhibitoronlinemanual.com/weldex-2025/ru/Exhibitor/ExbDetails/NTkxMQ==;DIFFUSION ENGINEERS LIMITED;https://www.diffusionengineers.com
https://exhibitors-itegroup.exhibitoronlinemanual.com/weldex-2025/ru/Exhibitor/ExbDetails/NTgwMA==;Dongguan De Xin Metal Co,.LTD;https://www.janyie.com
https://exhibitors-itegroup.exhibitoronlinemanual.com/weldex-2025/ru/Exhibitor/ExbDetails/NTY4OQ==;DONGUAN JINPENG HARDWARE TECHNOLOGY CO., LTD;http://dgjpfasteners.en.alibaba.com
https://exhibitors-itegroup.exhibitoronlinemanual.com/weldex-2025/ru/Exhibitor/ExbDetails/NTY1OQ==;Dyshine Industry Co.,Ltd;https://www.dyfastener.net
https://exhibitors-itegroup.exhibitoronlinemanual.com/weldex-2025/ru/Exhibitor/ExbDetails/NTc0MA==;EAGLE METALWARE CO., LTD;https://www.egluosi.com
https://exhibitors-itegroup.exhibitoronlinemanual.com/weldex-2025/ru/Exhibitor/ExbDetails/NjEzNg==;EKO KAYNAK;https://ekokaynak.ru/
https://exhibitors-itegroup.exhibitoronlinemanual.com/weldex-2025/ru/Exhibitor/ExbDetails/NTM3MQ==;FAIRINO;https://www.Fairino.ru
https://exhibitors-itegroup.exhibitoronlinemanual.com/weldex-2025/ru/Exhibitor/ExbDetails/NTYwOA==;FARINA (Цзинань) Сварочные Технологии и Оборудование ООО;http://www.farinaweldtec.com
https://exhibitors-itegroup.exhibitoronlinemanual.com/weldex-2025/ru/Exhibitor/ExbDetails/NTQ0MA==;FixPlast;https://app.weldex-connect.com/login
https://exhibitors-itegroup.exhibitoronlinemanual.com/weldex-2025/ru/Exhibitor/ExbDetails/NTY0MQ==;Foshan Sanqiao Welding Industrial Co., Ltd;https://www.sanqiaoco.com
https://exhibitors-itegroup.exhibitoronlinemanual.com/weldex-2025/ru/Exhibitor/ExbDetails/NTI0NQ==;GROVERS;https://grovers.ru/
https://exhibitors-itegroup.exhibitoronlinemanual.com/weldex-2025/ru/Exhibitor/ExbDetails/NTczNw==;Haining Shengwo Trading Co.,Ltd;https://www.china-shengwo.com
https://exhibitors-itegroup.exhibitoronlinemanual.com/weldex-2025/ru/Exhibitor/ExbDetails/NTYzNQ==;Hangzhou Zhanqi Brush Co.,Ltd;https://www.zhanqi-brush.com
https://exhibitors-itegroup.exhibitoronlinemanual.com/weldex-2025/ru/Exhibitor/ExbDetails/NTY5NQ==;Hebei Ninggu Fastener Co., Ltd;https://abcsgmj.ngfastener.ru/
https://exhibitors-itegroup.exhibitoronlinemanual.com/weldex-2025/ru/Exhibitor/ExbDetails/NTQ0OQ==;Hebei Runfeng Low Temperature Equipment Co. Ltd;https://www.rfcryo.ru
https://exhibitors-itegroup.exhibitoronlinemanual.com/weldex-2025/ru/Exhibitor/ExbDetails/NTczMQ==;HEBEI YAOSHI METAL PRODUCTS CO.,LTD;http://www.ysfix.com/
https://exhibitors-itegroup.exhibitoronlinemanual.com/weldex-2025/ru/Exhibitor/ExbDetails/NTU3OA==;Huaao Welding Machine Co.,Ltd;https://www.huaaowelding.com
https://exhibitors-itegroup.exhibitoronlinemanual.com/weldex-2025/ru/Exhibitor/ExbDetails/NTM3Nw==;HUGONG;https://hugongweld.ru/
https://exhibitors-itegroup.exhibitoronlinemanual.com/weldex-2025/ru/Exhibitor/ExbDetails/NTc3MA==;HUIZHOU ZHANCI HARDWARE PRODUCTS CO.,LTD;https://www.clichnuts.com
https://exhibitors-itegroup.exhibitoronlinemanual.com/weldex-2025/ru/Exhibitor/ExbDetails/NTExNg==;Hundal Group;https://www.hundalgroup.com
https://exhibitors-itegroup.exhibitoronlinemanual.com/weldex-2025/ru/Exhibitor/ExbDetails/NTU4MQ==;JIANGSU FORTUNE MEETING INDUSTRIAL DEVELOPMENT CO.,LTD;https://www.unionindustrialhx.com
https://exhibitors-itegroup.exhibitoronlinemanual.com/weldex-2025/ru/Exhibitor/ExbDetails/NTExMw==;D&H SECHERON ELECTRODES PVT LTD;https://www.dnhsecheron.com
https://exhibitors-itegroup.exhibitoronlinemanual.com/weldex-2025/ru/Exhibitor/ExbDetails/NTIxNQ==;DECAPOWER;https://www.decapowerwelder.ru
https://exhibitors-itegroup.exhibitoronlinemanual.com/weldex-2025/ru/Exhibitor/ExbDetails/NTkxMQ==;DIFFUSION ENGINEERS LIMITED;https://www.diffusionengineers.com
https://exhibitors-itegroup.exhibitoronlinemanual.com/weldex-2025/ru/Exhibitor/ExbDetails/NTgwMA==;Dongguan De Xin Metal Co,.LTD;https://www.janyie.com
https://exhibitors-itegroup.exhibitoronlinemanual.com/weldex-2025/ru/Exhibitor/ExbDetails/NTY4OQ==;DONGUAN JINPENG HARDWARE TECHNOLOGY CO., LTD;http://dgjpfasteners.en.alibaba.com
